trial,z,rt
1,1,5.749602408669633
2,1,6.816993342100155
3,1,3.91974842626291
4,1,5.41684751285099
5,1,4.92472926770765
6,1,4.237885172261395
7,1,4.937834638477542
8,1,3.793311906258397
9,1,5.2924044000339965
10,1,3.952141682806687
11,1,5.572052305315447
12,2,19.559773546643555
13,1,4.341044028221447
14,1,3.6338343200357017
15,1,4.561040917309132
16,2,7.4527941551059484
17,1,5.003534599076489
18,1,4.186078919330649
19,1,6.720254670580039
20,1,4.7434371633552725
21,1,5.425677353355344
22,1,4.2021011982871075
23,1,5.778422114078162
24,1,5.733657628279336
25,1,3.9843665704730187
26,1,5.649021450018389
27,1,4.54140681984969
28,2,3.2258730800822377
29,1,3.3610545111652326
30,1,8.654619441835395
31,2,7.931578885763884
32,2,5.213588154874742
33,1,4.681960832144465
34,1,7.878803076634197
35,1,4.926067997055012
36,1,2.946507276944138
37,1,4.0896177811299195
38,1,8.886614759639887
39,1,8.53163362397122
40,1,5.098176870126371
41,1,6.896766192381949
42,1,4.924088771314663
43,1,7.109914906859258
44,1,5.209182534081907
45,1,9.813510786788662
46,2,14.78999205864966
47,2,14.104204205796123
48,2,10.222224085591733
49,2,16.807209411635995
50,1,6.233369283105408
51,1,3.80293120215789
52,1,4.950844192423782
53,1,3.8906892091556413
54,1,7.084476905087955
55,2,19.39172870013863
56,1,4.166209519204421
57,1,3.1770038191354932
58,1,7.275740440378349
59,1,4.182403409770057
60,1,4.145192657075013
61,1,3.5940548183443135
62,1,6.358139835068069
63,1,5.2383665863363635
64,1,4.309684942911522
65,1,5.699362749996926
66,1,4.295584423384908
67,1,4.118661750676891
68,1,5.825707583685907
69,1,5.10864866448843
70,1,4.901039843807318
71,1,5.93931792817513
72,1,5.385458382482997
73,1,4.249007680447216
74,1,4.088694547370999
75,1,7.823730123228326
76,1,4.701430362716478
77,1,5.918930987387967
78,1,4.149127745857306
79,1,4.673586766076676
80,1,6.335449386462051
81,1,4.367284430635085
82,2,8.00269156228751
83,2,7.8851639200001955
84,1,2.2798337400131525
85,1,5.712246397873646
86,1,3.878852106742181
87,1,4.325123155300202
88,1,7.120761189014842
89,1,6.144521079439468
90,1,5.146115201702559
91,2,8.483514497056603
92,2,0.34721365198493004
93,1,3.4383926512580825
94,1,3.216706109211336
95,2,18.56575397308916
96,1,4.944386650085775
97,1,4.887736027638369
98,1,4.830305042527002
99,1,2.151636925995017
100,1,6.2056093245810215
101,1,4.273718236935874
102,1,2.1937971477427167
103,1,3.246023432917357
104,1,4.882019500343572
105,1,3.0721101968697666
106,1,5.296422028179815
107,2,3.721464672125876
108,1,2.7339428027664
109,1,3.1327786143251357
110,1,4.14592066882602
111,1,6.432778051994995
112,1,4.848200820101509
113,1,3.5533592426978555
114,1,4.309753243808817
115,1,4.6113085034711645
116,1,2.619920467411748
117,1,3.1044020771756307
118,1,3.97018298781886
119,1,4.481839911147378
120,1,5.402343236956014
121,1,5.31881361801011
122,1,5.159001860328415
123,1,3.5150261394844744
124,1,5.552033403650379
125,2,5.34040701109916
126,2,7.486963691189885
127,2,1.9169928599148989
128,2,17.853462141938508
129,1,2.598632519883216
130,2,11.697987583465874
131,2,16.520435172133148
132,2,9.514595940709114
133,2,4.269944643601775
134,2,17.240572213195264
135,2,4.956868002191186
136,2,10.18280009739101
137,2,12.782295048236847
138,2,3.3505984162911773
139,1,3.935075719254784
140,1,4.430775685149704
141,1,3.432602046740564
142,1,3.9300014849955436
143,1,2.9559155110326434
144,1,3.773839920023519
145,1,4.218787245702392
146,2,12.710958169773221
147,1,7.061914489854484
148,1,3.477843931520915
149,1,3.382003363917792
150,1,6.741910973289236
151,1,4.929420617221074
152,1,5.001690934580115
153,1,4.583183187232099
154,1,4.434419856467249
155,1,8.3730365241162
156,1,9.534698610857173
157,1,5.554653788231229
158,1,5.873578189362994
159,1,7.178183784670218
160,1,3.9105523439499135
161,1,3.6722688529767473
162,1,4.317383230435135
163,2,10.056461612693965
164,2,15.922609060071409
165,2,11.14186608698219
166,2,11.066600224003196
167,2,0.5701916897669435
168,1,6.219428716934406
169,1,4.530174259041775
170,1,5.949605722270234
171,2,2.1452201809734106
172,2,3.10973615385592
173,1,7.154512762214521
174,1,4.574176328244495
175,1,5.675734967921167
176,1,2.8635926817650867
177,1,7.915918646928866
178,1,2.576986682534739
179,1,3.1342896003525587
180,1,3.799281304234645
181,1,4.541916558948255
182,1,5.98418504627185
183,1,6.05579016055206
184,1,5.5061117867347535
185,1,6.332078762431108
186,1,3.139095169503503
187,1,4.607849492458862
188,1,5.3494446776773765
189,1,5.512954529847959
190,1,4.6723387058017565
191,1,4.1016850443192725
192,1,8.500732068762272
193,1,4.909620849441261
194,1,3.3547236013135104
195,1,4.498511750000463
196,1,3.456108104399387
197,1,3.1608370798190526
198,1,8.78453494821236
199,1,7.8457918600680925
200,1,4.21076880534226
201,1,5.920898631824567
202,1,4.955491696284554
203,1,2.7697994454171595
204,1,7.547864224366501
205,1,5.910105477259979
206,1,3.3945021962674753
207,1,2.9950902484173647
208,1,3.398498098972931
209,1,4.345163237601052
210,2,14.303289158269763
211,2,8.705545482225716
212,2,0.13005384244024754
213,2,4.609019393101335
214,2,8.071848107501864
215,2,12.624850440770388
216,1,3.9982465762261006
217,1,7.357147254804864
218,1,3.585784821776738
219,1,2.690477570048337
220,1,2.692960039592938
221,1,6.318868571700108
222,1,6.84281168915704
223,1,6.852019296802787
224,1,8.270451720155357
225,1,3.5269774078244662
226,1,5.004264130760188
227,1,4.844622204217019
228,1,3.336063803045847
229,1,4.150115069905405
230,1,3.4003198568194613
231,1,2.680545522637213
232,1,7.705760189795155
233,1,8.819394304590617
234,2,3.8084285240620375
235,2,0.6737819779664278
236,2,2.186818290501833
237,1,3.353630631873223
238,1,5.022173601687306
239,1,7.218569986332467
240,1,5.499266898929478
241,2,13.985123140737414
242,1,2.906470589004689
243,1,4.735499674365611
244,1,2.8929472966537433
245,1,1.9771425549592614
246,1,2.9232113631692584
247,1,4.441257353875729
248,1,4.974851668592582
249,1,4.850627466518945
250,2,8.590568546205759
251,2,13.002317906357348
252,1,3.203186201295626
253,2,13.240093193016946
254,2,19.016691497527063
255,2,8.166411384008825
256,2,10.493520884774625
257,2,1.4479378703981638
258,1,2.9914884982923575
259,1,3.526944189572397
260,1,3.003276676885805
261,1,3.9464661163249253
262,1,3.179470700877835
263,1,3.8966500308996816
264,1,13.001356219081497
265,1,2.467006010967222
266,1,7.061840026645509
267,1,4.127172029057577
268,1,2.274184059596335
269,1,4.731061306428979
270,1,5.9701051686027755
271,1,4.585570238922154
272,1,6.924077790334588
273,1,2.609286625535355
274,2,10.811461992561817
275,2,19.51210369821638
276,2,9.626217596232891
277,2,7.436839146539569
278,1,4.326025843799803
279,1,3.173436259619831
280,1,8.061531294735792
281,1,3.144225487238991
282,1,7.653644965676612
283,1,5.561609929551968
284,1,2.510724945999513
285,1,4.357165258567068
286,1,9.14774600379685
287,2,2.709924094378948
288,2,16.20774097274989
289,2,2.7609031554311514
290,1,3.962674872795803
291,1,3.0523686465806192
292,1,5.163011614151255
293,1,3.7725590820731476
294,1,3.3994963179022335
295,1,5.860572655487783
296,1,4.623435148188191
297,1,2.4207041725318486
298,1,4.875689299753504
299,1,3.8485190149126027
300,1,5.247855963042841
301,1,3.3017276230464554
302,1,3.991450336302758
303,1,5.103374972687187
304,1,4.335359040816113
305,1,5.613336648490715
306,2,11.18933673016727
307,2,4.042325033806264
308,2,17.905528615228832
309,2,5.796939819119871
310,2,9.649480017833412
311,1,4.159345767402681
312,1,8.974499644376106
313,1,4.357583719056321
314,1,5.1255829231047265
315,1,3.0021739507627747
316,1,2.5677830084198074
317,1,4.226270442914981
318,1,3.4326782709647983
319,1,3.936878660628971
320,1,5.798706154341564
321,1,1.851069876613764
322,1,5.07803568865624
323,1,4.447564780633726
324,1,3.325108205572119
325,1,6.788934072579491
326,1,5.704909546698268
327,1,5.17899816718126
328,1,2.8553474852760865
329,1,4.737710513286397
330,1,2.9560808277769435
331,1,3.24538644967659
332,1,6.044065562884675
333,1,3.5787241177817495
334,1,7.431880185344468
335,1,5.442378850402231
336,1,2.912058223423932
337,1,7.126063882403309
338,2,17.010074839927256
339,2,16.41000564675778
340,2,14.867521184496582
341,1,5.328537772332996
342,1,3.6723788972401756
343,1,6.092240547245377
344,1,3.80987519843836
345,1,5.851778268324567
346,1,5.571956482611341
347,1,5.6941182818442675
348,1,3.7687998105707354
349,1,6.825939817446705
350,1,3.7904329063595807
351,1,5.18054270056234
352,1,5.199125834628812
353,1,5.50762642348505
354,1,3.3913027490925702
355,1,6.611420554475903
356,2,9.50552299618721
357,2,17.419416587799788
358,1,7.905103233101472
359,1,4.192353091394583
360,2,7.796897208318114
361,2,5.944227543659508
362,2,0.6678632600232959
363,2,13.85135317221284
364,2,16.800087289884686
365,2,11.329999980516732
366,2,8.754851776175201
367,1,5.524467926995582
368,1,7.68911716737457
369,1,7.162957517887016
370,1,5.376224954833262
371,2,11.703413273207843
372,1,3.4891010860817366
373,1,3.515952175120192
374,1,2.8240107823428855
375,1,4.2715108255438174
376,1,9.180403256546857
377,1,5.0683818580569024
378,1,2.2622856663123954
379,1,7.792822714513453
380,1,8.969214706692133
381,1,3.5090464346157115
382,1,6.786286695013212
383,1,3.0852749548530785
384,1,7.387122031905528
385,1,6.652042981549838
386,2,17.797858179546893
387,2,18.446995625272393
388,2,14.550733100622892
389,1,5.083542704391166
390,1,5.804851923439799
391,1,3.36573001388282
392,1,3.553292645361397
393,1,5.573962494907553
394,1,3.988440959791642
395,1,4.14443897700704
396,1,5.78091886352513
397,1,2.9729077429797504
398,1,4.423776995120054
399,1,6.7108301244521815
400,1,5.612312858232664
401,1,8.732126186163864
402,1,2.819540494782995
403,1,6.801981114736704
404,1,6.570335216466637
405,1,3.681526127802062
406,1,5.317238288917197
407,1,4.267405675460769
408,1,4.137462877445083
409,1,5.728150875222087
410,1,5.600520111928489
411,2,5.970008773729205
412,1,2.8140506785745214
413,1,6.345264389862083
414,1,2.720805624277515
415,1,2.456142130191298
416,1,2.2989313818700436
417,2,3.724365155212581
418,2,7.9416801035404205
419,2,2.8088310128077865
420,1,7.821147552405141
421,1,5.938280424822756
422,1,3.4663857745646354
423,1,5.252422116698497
424,1,3.4016875126760873
425,1,5.076567693567332
426,1,2.783386659630162
427,1,3.2092010737559176
428,1,4.121760854066937
429,2,13.755473345518112
430,1,4.628128870729264
431,1,4.438197135539323
432,2,3.460844964720309
433,2,13.629683572798967
434,2,6.391700361855328
435,2,11.418065908364952
436,2,0.06725440267473459
437,1,3.2679572888541264
438,1,6.862112878355287
439,1,3.4611182293870764
440,1,3.5719410141281753
441,1,2.828443457138428
442,1,3.061251947773031
443,1,4.694805668401876
444,1,2.5400791351614136
445,1,2.290786054411163
446,1,4.133776652851574
447,1,3.350145642244039
448,1,4.067340106393432
449,1,4.709140833472055
450,1,5.208132456811849
451,1,7.41514542862805
452,1,3.466234010640384
453,1,11.022947658577866
454,1,4.367351532123825
455,1,6.581760312012055
456,1,3.5509216867554594
457,1,8.853241392993619
458,1,3.4677769946633097
459,1,4.363074227451304
460,1,4.1633116853079155
461,1,3.3960456258213108
462,1,4.22685477829876
463,2,12.38067296333611
464,2,16.50819526053965
465,1,3.064644482665878
466,1,4.352208341969197
467,1,3.1649243886388554
468,1,2.477511858652799
469,1,3.1475866197664555
470,1,5.265369442613973
471,1,5.427126514177318
472,1,4.8572960071063935
473,1,5.908378871280311
474,1,7.366779438243368
475,1,3.9710577616728258
476,1,4.791540733085061
477,1,5.3820723621079
478,1,3.5650019424842125
479,1,5.9538553415475
480,1,6.225858823633033
481,1,4.797137200053439
482,1,2.5138579338216966
483,1,4.148968527274947
484,1,2.6885058602977714
485,1,4.4792299943406135
486,1,6.189520335725825
487,2,8.444569669663906
488,2,2.6710237143561244
489,1,4.608258143677149
490,1,3.270160585981406
491,1,5.194257419741404
492,1,5.724848523732545
493,1,5.043001294200765
494,1,5.175773878549772
495,1,3.8827083608872823
496,1,4.7547463920616435
497,1,4.286037053120675
498,2,13.259179778397083
499,1,2.5271180136406066
500,1,4.294219790581937
501,1,2.786309947049081
502,1,4.61760041591907
503,1,4.65325000791566
504,1,3.2615465575235807
505,1,8.68239301050507
506,1,11.534056713103585
507,1,3.5792616053736346
508,1,3.7108158705225445
509,1,3.4271826611975817
510,1,3.571175358719936
511,1,4.2574644400818
512,1,5.026699996994823
513,1,5.064879298262519
514,1,3.0654097696931197
515,1,3.458021853487039
516,2,3.0333085590973496
517,1,2.379813848620382
518,1,3.022095588372593
519,1,2.7220540660009056
520,1,3.7637893479614726
521,1,3.161638183744734
522,1,4.080020260746897
523,1,6.441970544898546
524,2,4.029723661951721
525,2,12.76936431415379
526,2,14.63407025206834
527,2,16.887087090872228
528,2,1.6899658553302288
529,2,14.292413792572916
530,2,1.1301022255793214
531,2,8.238061824813485
532,2,9.596469532698393
533,2,12.354377498850226
534,2,13.311628177762032
535,1,2.8245645322638726
536,1,9.747615138686674
537,1,3.0745350344015097
538,2,4.135840577073395
539,1,4.164030407042696
540,2,13.090076697990298
541,2,18.249756530858576
542,2,15.014708312228322
543,2,11.307223550975323
544,2,9.368836237117648
545,2,12.783670504577458
546,2,13.044281154870987
547,2,11.081864717416465
548,1,4.787551753771772
549,1,4.531285067123639
550,1,7.465523495694951
551,1,6.658302868284645
552,1,2.628087662465945
553,1,10.538569569483405
554,1,7.495867130462574
555,1,2.662569312024582
556,1,4.407338824823129
557,1,3.119211020819628
558,1,5.503816468862268
559,1,2.096360901817564
560,1,3.315392044188491
561,1,5.4576152565695075
562,1,6.955113773689034
563,1,2.9764305966730333
564,1,2.9713798769560666
565,1,3.0463604961824657
566,2,7.086682664230466
567,2,1.1479745898395777
568,1,6.8771632404329175
569,2,1.238848497159779
570,2,17.808083496056497
571,2,1.776096480898559
572,2,6.179405655711889
573,2,6.901434524916112
574,1,3.0400533160402587
575,1,3.985594752473322
576,1,3.5800032434546236
577,2,12.580666183494031
578,2,16.593764340505004
579,2,9.749617907218635
580,1,6.053406905236228
581,1,3.413743907507094
582,1,2.906993865172153
583,1,3.7017862576944167
584,1,7.131208653917359
585,2,17.848452148027718
586,1,5.828063906231632
587,1,7.265209799430916
588,1,4.252056074027604
589,1,4.500937874944232
590,1,3.9098007138964235
591,1,4.987781977389216
592,1,5.777808426966285
593,1,8.159739298063462
594,1,7.546725280394039
595,1,10.008181161138982
596,1,7.195891780809611
597,1,8.902126089134153
598,1,9.69554064526864
599,1,3.2951561867021724
600,1,5.303975191357419
601,1,4.796729178196295
602,1,3.2088354965960573
603,2,12.402262622490525
604,2,0.819268086925149
605,2,1.3474900741130114
606,2,11.397401983849704
607,1,3.2040463321698747
608,1,2.741561079732748
609,2,2.337171398103237
610,2,9.725403706543148
611,2,13.659413205459714
612,2,6.035489519126713
613,2,7.503541214391589
614,2,3.7458867207169533
615,1,5.815291071085132
616,1,5.315656801363482
617,1,3.9242062274307288
618,1,2.5868056483478705
619,1,6.363846427664079
620,1,4.180809077578779
621,1,4.3222805200306995
622,1,3.379838910314988
623,1,7.140475603439998
624,1,6.711197448561711
625,1,3.9545373272041235
626,1,3.758127275961579
627,1,4.330530803593936
628,1,1.9936928838268098
629,1,4.814818549507424
630,1,4.70566184073891
631,1,4.267604443938749
632,1,4.600694341652035
633,1,6.947868833413294
634,1,5.653876802833167
635,1,4.0408734723963
636,1,3.858529424039823
637,2,8.471319153904915
638,2,2.479788651689887
639,1,5.296479126543364
640,1,6.641392292460374
641,1,5.671987978545912
642,1,2.225983420170082
643,1,11.184453490044485
644,1,3.375871888125464
645,1,6.39318560351908
646,1,3.4749821770050304
647,1,6.933173372809831
648,1,3.0112612806630588
649,2,14.669035850092769
650,1,5.427609396177801
651,1,7.598057393222295
652,1,5.831645291579016
653,1,4.914264996431107
654,1,2.5658133661234532
655,1,6.35504724658775
656,1,5.138804999841684
657,1,5.31669845756036
658,1,7.630529505450735
659,1,4.53553432234857
660,1,3.4124187838608906
661,1,9.234107474117824
662,1,3.786437967964372
663,1,2.972129259964762
664,1,3.886615889818151
665,2,3.7275911448523402
666,2,15.96593836788088
667,1,3.348025903853003
668,1,8.453325015174638
669,1,4.866492993057414
670,1,3.6017887488497733
671,1,5.584295700656328
672,1,3.7924570134645776
673,1,5.328178043906694
674,1,3.811150739921032
675,1,5.30365755481308
676,1,3.747362847002031
677,1,6.254998920635042
678,1,4.278055289136217
679,1,10.705512581727415
680,2,18.43197049573064
681,1,3.4596432552953438
682,1,4.014603392112552
683,1,3.381265971685781
684,2,13.808273877948523
685,2,10.994160589762032
686,1,4.0520215923306555
687,2,1.5484632039442658
688,1,5.18087691398693
689,1,3.8472816580032063
690,1,4.190537804184595
691,1,4.230094273269054
692,1,5.834614850070769
693,1,2.7012527104094577
694,1,3.718844098071745
695,1,2.865530794130125
696,1,3.2984899486233306
697,1,3.1793274496789334
698,1,3.636285333098957
699,1,3.89969728589428
700,1,4.9845426672634305
701,1,4.92818170268492
702,2,10.909348665736616
703,2,6.644694032147527
704,2,10.531213507056236
705,2,6.061214176006615
706,2,19.761236514896154
707,1,5.833192779537148
708,2,8.005115245468915
709,1,2.8205434411763766
710,2,1.241309903562069
711,2,5.137036913074553
712,2,9.523317776620388
713,1,5.631486724518337
714,1,2.9565064165732045
715,2,0.1582422386854887
716,2,9.818333834409714
717,2,9.688979014754295
718,1,5.843257106080814
719,1,3.7494998845199654
720,1,3.861773622337894
721,1,3.5618085229432306
722,1,5.292160351263171
723,1,2.0730775709048923
724,1,9.761262233208612
725,1,4.346806304832192
726,1,3.278224490311949
727,1,4.985754053744785
728,1,6.378412706754206
729,1,5.591073928120781
730,1,4.439022048406845
731,1,4.886325808560308
732,1,3.559189175210322
733,1,4.586280623509827
734,1,7.742654653609442
735,1,5.265269308206263
736,1,5.927706842899991
737,1,2.094468752253433
738,1,6.471092686830264
739,1,7.4396796660911875
740,2,12.199873710051179
741,1,5.226041672548255
742,1,5.852179250216547
743,1,5.251687181169385
744,1,2.5217963352252446
745,1,2.3280768306207746
746,1,4.020970187658795
747,2,1.2499239342287183
748,2,0.9204191667959094
749,2,12.373676910065114
750,1,2.001870310997427
751,1,2.345088739003888
752,1,7.225786633863096
753,1,2.8661119878673795
754,1,2.8797621907564634
755,1,4.86540675662341
756,1,8.813879828649592
757,1,5.330404597528212
758,1,2.325062673049998
759,1,4.196924984497295
760,2,4.557422893121839
761,1,2.6301384663281615
762,1,4.7630160111903095
763,1,4.434634261061381
764,2,9.901757021434605
765,2,19.223717390559614
766,2,11.722620078362525
767,2,2.1401181491091847
768,2,16.01807984057814
769,1,5.509609969696676
770,1,5.7878037121125985
771,2,8.442876576445997
772,2,13.591597536578774
773,1,5.792202350015577
774,1,5.104926403727967
775,1,5.989786887526173
776,1,4.290296243830564
777,1,5.681918973998053
778,1,5.232812529703801
779,1,5.32178960145765
780,1,5.72850379103741
781,1,9.244876272663891
782,1,8.730807917779723
783,1,4.765785405098749
784,1,6.614974241531733
785,1,5.753912932617409
786,1,4.225903247750594
787,1,1.3299589686108593
788,1,4.393605499483039
789,1,2.762455200941054
790,1,5.759771587959391
791,1,3.861642386041666
792,1,3.7581700391989608
793,1,7.254494972074401
794,1,2.811319804756834
795,1,5.520877922813339
796,1,4.9141972430276795
797,1,2.3181179335892175
798,1,8.800262319172989
799,1,5.180869214999253
800,1,3.0566143627096807
801,1,2.5329268217718357
802,1,3.259308861439579
803,1,4.686408948972154
804,1,3.204241454660918
805,1,5.2437509188343805
806,1,4.613754303260282
807,1,6.729731122710242
808,1,4.206181931784375
809,1,7.1898757006622445
810,1,4.470640833391861
811,1,7.006381451030586
812,1,2.798876807433517
813,1,4.650885225987105
814,1,1.4608718104639682
815,1,5.90753023942283
816,1,8.136584332766006
817,2,8.867627596482635
818,2,2.825656454078853
819,2,2.9447591910138726
820,2,18.99828040972352
821,2,18.857468785718083
822,2,18.403292656876147
823,1,3.4547101978308428
824,1,3.4416096289253097
825,1,5.005299343320151
826,1,2.898164327326402
827,1,2.2718293509503407
828,1,5.6734221273028895
829,1,5.527934809269921
830,1,3.35570296485013
831,1,2.855108793065791
832,1,5.408339250083207
833,1,3.428928968893687
834,1,3.514018838872609
835,1,5.692240265493125
836,1,3.707720716663352
837,1,4.22526092554502
838,1,5.294183579401701
839,1,3.5000223046842707
840,1,3.4771869074514887
841,1,3.8257445161759884
842,1,3.1960479481684976
843,1,5.3177652041092305
844,1,4.512018543521707
845,1,6.113502899997142
846,1,2.9315700062238
847,1,5.841273138657003
848,1,5.698401236262013
849,2,4.978502164594829
850,2,11.29502690397203
851,2,17.844130448065698
852,2,14.460441400296986
853,2,2.7213265048339963
854,2,2.2717171255499125
855,2,4.369540405459702
856,2,7.718005320057273
857,2,16.435410929843783
858,2,10.887047173455358
859,2,3.017842429690063
860,2,14.589711599983275
861,2,11.797928712330759
862,2,1.5814556227996945
863,2,18.244936419650912
864,1,7.8826924542540535
865,1,4.946081310154447
866,1,4.743173666761649
867,1,5.77061890385578
868,1,7.63174355231868
869,1,6.785965248415479
870,1,5.403757389466477
871,1,4.372372719724614
872,1,4.716463413010148
873,1,4.247726778527069
874,1,2.997901323452384
875,1,3.2706623656720955
876,1,6.382721439013212
877,2,8.118500607088208
878,2,18.261509467847645
879,1,2.8129276634427365
880,1,9.511732696043563
881,1,4.480596475791145
882,1,3.6304141570662476
883,1,9.569131116965456
884,1,3.621858038969044
885,2,0.2434088010340929
886,1,4.363890544547845
887,1,4.468143980503855
888,1,2.493980091529161
889,1,5.148688008933194
890,2,17.685691053047776
891,2,5.084447143599391
892,1,5.192046894648662
893,1,5.181925907801138
894,1,2.8877075163263584
895,1,4.5467402450649
896,1,5.571038406685129
897,1,4.880125182604335
898,1,5.170261096105071
899,1,4.06092029649871
900,1,5.611270151245363
901,1,4.979337167984077
902,1,5.633745945698498
903,1,3.781000746783516
904,1,5.2856983513809634
905,1,6.237818129295307
906,1,4.624313554265761
907,2,2.1754126017913222
908,2,13.307640766724944
909,2,9.67675557360053
910,1,4.93134487925508
911,1,5.602331541772118
912,1,9.921938276807845
913,1,4.771504068699933
914,1,4.259291768277904
915,1,4.958382409013641
916,1,4.694286463255551
917,1,3.703420496499959
918,1,8.296461774802749
919,1,3.330484508601678
920,1,3.7174269559837994
921,1,3.7156643909598537
922,1,4.5303051651061335
923,2,7.938876133412123
924,2,14.483385626226664
925,2,13.971094856970012
926,2,8.981679421849549
927,2,1.7411012249067426
928,2,12.160675921477377
929,2,4.909716830588877
930,1,7.684186837068701
931,1,4.960145070253465
932,2,18.33271700423211
933,2,7.567482767626643
934,2,9.593539028428495
935,2,15.541457938961685
936,2,7.204168611206114
937,2,16.60913533065468
938,2,8.231486328877509
939,2,1.1487952480092645
940,2,16.899249930866063
941,1,5.186791316237023
942,1,6.45356327765419
943,1,4.434194477816155
944,1,5.793977006895725
945,2,17.88023447152227
946,2,1.6997563652694225
947,2,9.691052725538611
948,1,4.11253623793601
949,1,6.116295222128893
950,1,2.6638955792536914
951,1,4.770388377261629
952,1,3.0958014981742648
953,1,5.480538153288483
954,1,3.053569800277976
955,1,4.5218874787183765
956,1,3.0489855993455452
957,1,3.35218802397846
958,1,4.038052602294253
959,1,6.115577166808133
960,1,5.705308410071147
961,1,3.016069725118234
962,1,3.323333900909367
963,1,8.58523898054088
964,1,7.735471220665876
965,1,5.580178296900525
966,1,2.791064958318866
967,2,17.177613829262555
968,2,0.7934692455455661
969,2,14.647982800379395
970,2,3.7044033454731107
971,2,1.0579918511211872
972,2,5.661987685598433
973,2,5.0712613901123405
974,1,5.33364321839588
975,1,3.4066368284331947
976,1,3.971934711427934
977,1,5.182734040573487
978,1,6.616744347355538
979,1,6.2217417380116435
980,2,14.17103589978069
981,2,0.882286368869245
982,1,6.655196567354965
983,1,6.753911756234502
984,1,3.4322189846065503
985,1,3.0563565071880925
986,1,7.2919212009155965
987,1,6.892229292147236
988,1,3.9104971574728573
989,1,3.95431593558944
990,1,2.251309722193054
991,1,7.209554475491788
992,1,3.3187628686504467
993,1,5.968765983413224
994,1,3.999037196230501
995,1,3.2156730840958803
996,1,5.6895151288174
997,1,3.9518116711069946
998,1,5.223665653397871
999,1,3.328697477634224
1000,1,2.8594350648615108
1001,1,3.7972831492718755
1002,1,3.3430195834030108
1003,1,3.7429844911132415
1004,1,5.041773902847818
1005,1,4.526349261678011
1006,1,4.4981670545929315
1007,1,2.888231805007076
1008,2,18.01541660912335
1009,2,17.92550222016871
1010,2,1.3738841516897082
1011,2,6.965734227560461
1012,2,16.811147714033723
1013,2,1.8721046205610037
1014,2,14.94522116612643
1015,1,7.1816697790240696
1016,1,5.609944650883143
1017,1,4.3306035422052895
1018,1,4.077749498871057
1019,1,2.521461109331563
1020,1,4.657121529772782
1021,1,5.083320671071174
1022,1,6.928590462602564
1023,1,8.503005494094564
1024,1,3.834098618413956
1025,1,5.934032812425218
1026,1,4.940576769866859
1027,2,10.833163731731474
1028,2,0.9719127789139748
1029,1,4.583393270858621
1030,1,2.763041506548997
1031,1,2.6976388948671475
1032,1,2.693702305225332
1033,1,5.491012302379511
1034,1,5.998720913664105
1035,1,2.7945052868910047
1036,1,7.754070547698014
1037,1,3.834322980645004
1038,1,4.816168221446096
1039,1,5.226051901215575
1040,1,6.253290965640189
1041,1,4.317661410073292
1042,1,4.015760597420067
1043,1,4.500591157734913
1044,1,5.0545237153782825
1045,1,4.29962868532275
1046,2,15.36673491820693
1047,1,5.989649010954849
1048,2,9.965277556329966
1049,2,4.861790547147393
1050,2,2.2762428130954504
1051,2,5.070655061863363
1052,1,4.757940391244703
1053,1,7.0950263502841135
1054,1,3.7871219462221637
1055,1,7.572798750615167
1056,2,5.1292364578694105
1057,1,2.9508552170086957
1058,1,4.692409341089025
1059,2,7.091389871202409
1060,2,1.0560779180377722
1061,1,3.12081516698014
1062,1,4.305825193882087
1063,2,13.197476053610444
1064,2,14.980151825584471
1065,2,1.5074199670925736
1066,1,8.859979955581188
1067,1,2.492816768097008
1068,2,9.803864834830165
1069,2,16.00188888143748
1070,2,10.17254717182368
1071,2,13.397214654833078
1072,1,5.66018610239057
1073,2,18.29199916217476
1074,2,9.648097148165107
1075,2,6.47983749397099
1076,1,2.429599238786518
1077,1,2.986807825204407
1078,2,12.412402406334877
1079,2,17.667769663967192
1080,2,16.71731021720916
1081,2,7.680249935947359
1082,2,6.9269209913909435
1083,2,4.442707779817283
1084,1,5.174192742201986
1085,1,2.7798568418188183
1086,1,3.3142906770145713
1087,1,2.787995807012571
1088,1,4.528144300143917
1089,1,3.07783981223587
1090,1,5.479249837144824
1091,1,8.611391633089651
1092,1,4.719574071951555
1093,1,4.741421944985253
1094,1,6.431783107426373
1095,1,3.1043331497782947
1096,1,5.598901058371956
1097,1,3.438815486586341
1098,1,4.379117205140605
1099,1,5.12963213274287
1100,1,6.6855758479312435
1101,1,3.688855805832078
1102,1,5.4800125083475
1103,1,4.428319443820884
1104,1,3.665875239100404
1105,1,4.22938552831947
1106,1,3.3319388807578494
1107,1,5.076574831022029
1108,1,5.9210258709429695
1109,2,7.326914360746741
1110,2,19.26861454732716
1111,2,7.851664130575955
1112,2,14.11555528640747
1113,2,11.050873850472271
1114,1,6.822953490131185
1115,1,6.541841557854913
1116,2,8.82992863189429
1117,2,12.69006640650332
1118,2,19.24422179814428
1119,2,15.009868117049336
1120,2,7.898126146756113
1121,2,17.2322636237368
1122,2,6.365305474027991
1123,2,5.204135570675135
1124,2,1.6823494853451848
1125,2,1.2506959959864616
1126,2,15.03821378108114
1127,2,14.74853300023824
1128,2,0.8240825682878494
1129,1,5.018728835548943
1130,1,9.242313502187978
1131,1,4.013142973679253
1132,1,3.2966563654174585
1133,1,4.782934993230291
1134,1,3.9963446285964546
1135,1,4.148295899345887
1136,2,1.356084318831563
1137,2,5.631453362293541
1138,2,3.512731334194541
1139,1,3.8369063146160634
1140,1,4.04901318059861
1141,1,7.440318789185477
1142,1,5.583271788690545
1143,1,5.923296373420751
1144,1,5.787864492886653
1145,1,2.959663942948349
1146,1,9.775605171308591
1147,1,4.836353960880727
1148,2,16.792092276737094
1149,2,6.923809568397701
1150,2,11.20981739833951
1151,2,9.29398063570261
1152,2,2.273435303941369
1153,2,16.9505082257092
1154,1,5.541823824641338
1155,1,6.162062196737713
1156,1,6.786388484816612
1157,2,4.988898397423327
1158,1,3.4058496130055835
1159,1,5.376533389778681
1160,1,3.602037943432418
1161,1,5.446540335886894
1162,1,6.617163829432776
1163,1,4.049922367417082
1164,1,3.279400521378042
1165,2,9.415876087732613
1166,2,8.7899149954319
1167,2,19.231034624390304
1168,1,5.6197553648285155
1169,1,3.7813030271127417
1170,1,5.238172149752847
1171,1,4.810608734812325
1172,1,5.111891171374436
1173,1,2.5761105297064666
1174,1,2.9342396157988726
1175,2,13.181830053217709
1176,2,3.6547417845577
1177,2,19.214583882130682
1178,1,4.136417125245441
1179,1,7.019371517258607
1180,1,3.111002473713935
1181,2,16.01728439796716
1182,2,10.192727237008512
1183,2,12.422008155845106
1184,2,0.4819744499400258
1185,1,5.028772469928483
1186,1,3.94034085923151
1187,1,8.879000909557117
1188,1,5.238803303414102
1189,1,5.304340432857396
1190,1,8.182308586447432
1191,2,2.5832264916971326
1192,1,4.225128637929152
1193,1,4.664896804077975
1194,1,3.6549127124071483
1195,1,2.4228977593297714
1196,1,10.286506030504324
1197,1,3.1483741423973943
1198,1,2.4147114119216777
1199,1,4.205969590106954
1200,1,7.968920797716581
1201,1,3.771714734749102
1202,2,11.819517058320343
1203,2,19.561225692741573
1204,1,3.878193708586395
1205,1,3.743960401963923
1206,1,4.360620797059461
1207,1,4.1641397283474735
1208,2,11.2607058044523
1209,2,16.691719638183713
1210,2,11.63480938412249
1211,1,5.45617541006287
1212,1,6.264465262371312
1213,1,8.321661552468314
1214,1,3.5382885474924444
1215,1,2.956630584917967
1216,1,3.5548174309059393
1217,1,3.6067280296229938
1218,1,4.113341275970762
1219,1,4.28988353612577
1220,2,4.140613209456205
1221,2,17.057897611521184
1222,1,3.33951986041106
1223,1,3.4127236849484874
1224,1,3.470623275266998
1225,1,3.2405394873948508
1226,1,2.6161504424040998
1227,1,3.3683075236762905
1228,1,3.646221028046947
1229,1,2.5602279080979025
1230,1,4.68165682259727
1231,1,6.304448538659255
1232,1,4.94884394040552
1233,1,5.999641006061359
1234,1,6.356840529520367
1235,1,4.97155801515896
1236,1,4.052996973979916
1237,1,4.175874317340793
1238,1,5.196997332759154
1239,2,3.7817333405837417
1240,2,3.163623260334134
1241,1,7.098723402672999
1242,1,4.24943782494578
1243,2,9.382774732075632
1244,2,15.8523807534948
1245,1,4.466458699955524
1246,1,5.039657231995146
1247,1,6.187118222229904
1248,1,6.307910464140323
1249,2,18.18054461851716
1250,2,16.687801564112306
1251,1,7.388336602866974
1252,1,5.185095274446209
1253,1,4.098634968593554
1254,2,3.7538131373003125
1255,1,4.119854181767772
1256,1,5.6946260510590685
1257,1,8.061021133877045
1258,1,8.910920897492794
1259,1,8.817171166681891
1260,1,4.57525538064462
1261,1,5.453442500669788
1262,1,5.410227909910223
1263,1,8.31413939925159
1264,1,8.267322691023464
1265,1,7.072450937046201
1266,1,4.1894797128859995
1267,1,4.733072948856329
1268,1,4.601029764503649
1269,1,5.741159301036238
1270,1,2.4357622777499506
1271,1,4.059444219574549
1272,1,6.7493366516404425
1273,1,4.982281292250525
1274,2,11.921742893755436
1275,2,3.5596993565559387
1276,2,9.826150969602168
1277,2,1.4134622691199183
1278,2,18.011617683805525
1279,2,12.212137458845973
1280,2,8.659241367131472
1281,2,8.725753361359239
1282,1,4.073220578156237
1283,1,4.479800228982677
1284,1,5.40670574431875
1285,1,4.47387978530781
1286,1,5.480019980970081
1287,2,15.130927567370236
1288,2,6.538632768206298
1289,2,5.629845103248954
1290,2,12.83779492136091
1291,1,3.7767447897547273
1292,1,4.538714931435315
1293,1,4.622401368328838
1294,1,4.784218261701794
1295,1,6.141515035910701
1296,2,0.4506262531504035
1297,2,8.517144494690001
1298,2,13.614862938411534
1299,2,16.76815884653479
1300,1,4.593261919725046
1301,2,3.0273249465972185
1302,2,8.045509974472225
1303,2,1.8692893953993917
1304,2,15.170255340635777
1305,1,5.229327322739199
1306,1,4.874770598999499
1307,1,6.300365249060112
1308,1,4.504593457671824
1309,1,7.103358804585424
1310,1,2.149784647803233
1311,1,4.405716045961145
1312,1,4.7479139067511085
1313,1,5.717099422257698
1314,1,5.607188169341292
1315,2,14.552496722899377
1316,2,1.7057379381731153
1317,2,16.990004149265587
1318,2,5.7404185784980655
1319,2,19.46931755170226
1320,2,14.894675109535456
1321,2,4.8002491146326065
1322,2,0.9412987995892763
1323,2,0.4658584436401725
1324,1,4.65704791942204
1325,2,0.4435379011556506
1326,2,5.822052010335028
1327,2,18.328895047307014
1328,1,5.53894818943657
1329,1,2.752503723251649
1330,1,4.115679561003427
1331,1,3.7638979328538333
1332,1,5.276649721552124
1333,1,5.7479464669608245
1334,1,2.929369142964905
1335,1,5.7465288642696715
1336,1,3.822273573403803
1337,1,7.550763992392737
1338,1,3.465539823492333
1339,1,3.941159232184741
1340,1,4.050869505089159
1341,1,4.1124949111679205
1342,1,4.742090923672591
1343,1,4.325423475879233
1344,1,3.2219796812068355
1345,1,4.59637909292437
1346,1,3.7628676379608232
1347,1,4.913385192969024
1348,1,6.4843525110102345
1349,2,12.814642926678061
1350,2,4.85968635417521
1351,2,4.639141885563731
1352,2,19.555333806201816
1353,2,6.784756071865559
1354,2,17.285213386639953
1355,2,14.653521156869829
1356,1,2.6143247670535397
1357,1,4.923132856727384
1358,1,5.21499952820087
1359,1,6.232213177472054
1360,1,6.776797958065405
1361,1,3.6211619863877225
1362,2,2.9196031391620636
1363,1,3.8965972065466024
1364,1,6.71401224637801
1365,1,4.125939306463542
1366,1,4.645782710539361
1367,1,5.076412956625651
1368,2,13.207783070392907
1369,2,6.321677006781101
1370,2,9.560239897109568
1371,2,18.89241657219827
1372,1,7.368592146056623
1373,2,14.625229355879128
1374,1,2.5992096799978257
1375,1,7.201124353176306
1376,1,4.425646554950271
1377,2,11.992437420412898
1378,2,14.91166625637561
1379,2,16.29218495450914
1380,2,8.229553615674376
1381,2,18.820793330669403
1382,1,4.547212492572892
1383,2,15.056622154079378
1384,1,5.9558872629398705
1385,1,3.994299241857802
1386,1,4.859639070624654
1387,1,3.9936957045547015
1388,1,6.586332714885593
1389,1,5.001769725325696
1390,2,9.547868948429823
1391,2,16.273102019913495
1392,2,15.706812860444188
1393,2,2.057678303681314
1394,2,9.092025714926422
1395,1,6.075965530903249
1396,1,5.233956714966766
1397,1,6.783017373595295
1398,1,3.260119438165884
1399,2,19.406805164180696
1400,2,4.440554729662836
1401,1,4.984266424565684
1402,1,5.938883967838735
1403,1,3.4055156324231284
1404,1,3.5539380177506157
1405,1,4.8129073208476365
1406,1,5.613236871894543
1407,1,3.882968868303173
1408,1,4.576524439171985
1409,2,14.109800709411502
1410,2,19.235362648032606
1411,2,7.116467682644725
1412,1,3.2917092782524455
1413,1,5.572163947683987
1414,1,2.6727731830370387
1415,1,3.3900690548597163
1416,1,6.509948228469579
1417,1,3.7244303479985517
1418,1,7.5464845594557834
1419,1,6.517440980905177
1420,1,4.032442550640223
1421,1,3.476200864174517
1422,1,4.789668178910109
1423,1,5.671916556582099
1424,1,3.619896504102765
1425,1,6.550808511124193
1426,1,7.461549528303566
1427,1,4.681907005353374
1428,1,7.224463261846103
1429,1,6.781259832310292
1430,2,7.476354786194861
1431,2,4.10529890563339
1432,2,10.347470720298588
1433,2,3.057926520705223
1434,2,3.603874803520739
1435,2,3.946389821358025
1436,1,4.4149318577205
1437,1,2.992071403145745
1438,1,2.930023201135073
1439,1,6.1982723536340325
1440,1,2.2553690848168872
1441,1,5.865065172996255
1442,1,3.467808556646192
1443,1,7.425025058369515
1444,1,4.569550890640301
1445,1,3.998905816371624
1446,1,4.402422101244516
1447,1,6.472458202826111
1448,1,6.911420204202755
1449,1,2.7976069595862416
1450,1,7.179307731167781
1451,1,8.1815529266622
1452,1,5.757509962978663
1453,1,7.005081214099086
1454,1,2.7349838916087768
1455,1,5.368649070802148
1456,1,6.308558070612202
1457,1,3.546093325886577
1458,1,3.3760044446732915
1459,1,3.0323652806050565
1460,1,3.6889704920447532
1461,1,3.483458141239752
1462,1,4.536897515698747
1463,1,8.758793155874407
1464,1,5.863027321329906
1465,1,6.859405692010526
1466,1,4.51447022498607
1467,1,8.649288096338994
1468,1,5.026548762561484
1469,1,3.9242543982881783
1470,1,3.3555475234500567
1471,1,3.031359002077633
1472,1,6.052925889609839
1473,1,3.8627982536028163
1474,1,3.567035300830463
1475,1,5.187724872960333
1476,1,5.043969635884409
1477,1,3.5452593876668335
1478,1,3.21647191189056
1479,1,4.134612289552179
1480,2,16.705091213807464
1481,2,2.9268215456977487
1482,2,0.9234935557469726
1483,2,1.4858422614634037
1484,2,5.661936234682798
1485,2,1.00931444671005
1486,2,10.905656605027616
1487,2,12.572729415260255
1488,1,4.531123986142546
1489,1,3.7380273388034437
1490,2,19.0315820928663
1491,2,18.466036655008793
1492,2,9.475471209734678
1493,2,18.063912270590663
1494,2,13.675686344504356
1495,1,3.480238835366903
1496,1,3.5259756828544235
1497,1,3.4501866119094062
1498,1,5.00818491511315
1499,1,4.458579063468879
1500,1,5.0336997377059225
1501,1,4.84285395801453
1502,1,4.19249286861334
1503,1,6.894577456354174
1504,1,3.7839831376189026
1505,1,4.945511893936883
1506,1,4.860612979581606
1507,2,17.241448843851686
1508,2,18.60740973148495
1509,2,2.8720053751021624
1510,2,18.396300934255123
1511,1,4.00737363441226
1512,1,3.40312452719719
1513,1,2.220649247857629
1514,1,2.0233443897302146
1515,1,2.6833002855755144
1516,1,2.8307393112110653
1517,1,2.8983940763390303
1518,1,4.895670075664341
1519,2,9.452630570158362
1520,1,7.453674321978119
1521,1,3.317233496321933
1522,1,7.060459596967701
1523,1,2.9185774897755334
1524,1,3.7144159671253156
1525,2,1.8270005472004414
1526,2,10.899730096571147
1527,1,4.421481843002688
1528,1,4.642277251962424
1529,1,4.096417744154178
1530,2,14.934869562275708
1531,2,15.184275461360812
1532,2,10.222025103867054
1533,1,5.37308427124882
1534,1,4.97027029835089
1535,1,6.21775702771599
1536,1,6.344391910307115
1537,1,3.9438708048536157
1538,1,4.326256615362295
1539,1,5.181112073635557
1540,1,5.936037237499951
1541,1,4.025069231443333
1542,1,4.012857778397549
1543,1,6.798439401443546
1544,1,3.7939762436775313
1545,1,2.9246496459014297
1546,1,5.784105266551139
1547,2,15.397222870960832
1548,1,3.5911113560857415
1549,1,7.121663282617969
1550,1,3.903460538179724
1551,1,4.388378854830394
1552,1,5.118263049008952
1553,1,4.711426757903953
1554,1,4.727423522493109
1555,1,4.94987576061996
1556,1,7.678332933308033
1557,1,8.521214958928692
1558,1,1.5469039461362715
1559,2,2.8707833494991064
1560,2,1.501196064054966
1561,2,3.4547371370717883
1562,2,0.4300675727427006
1563,2,17.272492246702313
1564,2,0.12183628510683775
1565,2,12.142027355730534
1566,2,0.672452924773097
1567,2,11.607210179790854
1568,2,10.477026323787868
1569,2,10.040669860318303
1570,1,2.7173757750933913
1571,1,3.5319005863297646
1572,1,4.0440582076601075
1573,1,7.007114475988915
1574,1,3.064726799585281
1575,1,3.9891372831313263
1576,2,11.4631481282413
1577,1,4.1728787662091795
1578,1,4.971843746554688
1579,1,4.714096719697187
1580,1,5.7177406285860934
1581,1,3.7469804489257403
1582,1,6.391666134871849
1583,1,6.487451297868796
1584,2,1.5026821661740541
1585,2,13.333862069994211
1586,2,2.6652165316045284
1587,2,15.651937946677208
1588,1,3.1259096868937535
1589,1,4.543534254754601
1590,1,5.559373529232149
1591,1,2.5838830316066232
1592,1,3.4317999619407775
1593,1,3.841023113156498
1594,1,4.940333691936491
1595,1,4.785384770395871
1596,1,4.337745974031229
1597,1,4.081936266993461
1598,1,6.424624238591161
1599,1,4.507058247151163
1600,1,4.630050567270028
1601,1,4.5137970581775555
1602,1,3.8091064481531287
1603,1,6.749538122165952
1604,1,5.666532828090926
1605,1,7.161245865716379
1606,2,4.179732222110033
1607,2,9.810598422773182
1608,2,15.523225413635373
1609,1,3.8197808818514667
1610,2,3.1752611231058836
1611,2,16.72606820706278
1612,1,4.536055761616543
1613,1,4.037725504315286
1614,1,4.185989215829767
1615,1,3.9474425973028433
1616,1,5.443857647922267
1617,1,7.975976507198394
1618,2,13.883073790930212
1619,1,7.075158001705791
1620,1,5.002685721778334
1621,1,2.3082698155110992
1622,1,8.525219915273896
1623,1,2.8361332285970593
1624,1,3.018033518189312
1625,1,7.365588096863709
1626,1,5.768790748740964
1627,1,5.728251580383081
1628,1,3.474564633052188
1629,1,5.909235824481731
1630,1,3.1206698886633846
1631,1,2.4323005275538776
1632,1,5.523785060272342
1633,1,2.432276656827285
1634,1,10.417045145936129
1635,1,4.729132229948463
1636,2,12.420922392047942
1637,2,7.792837982997298
1638,2,12.251085247844458
1639,2,5.6183181796222925
1640,1,5.897164456921542
1641,1,2.5087490972455972
1642,1,2.685821049898172
1643,1,3.911408442754133
1644,1,2.7442131144818087
1645,1,5.522312051553581
1646,2,14.471264439634979
1647,1,3.7540051733873434
1648,1,4.940885670551391
1649,1,4.553777898186033
1650,1,2.7638881650737965
1651,2,0.37676104344427586
1652,2,17.9276509815827
1653,2,1.9982425821945071
1654,2,3.613633825443685
1655,2,6.588306180201471
1656,2,18.3508696872741
1657,2,4.758326970040798
1658,2,8.388387192972004
1659,2,4.500890541821718
1660,2,3.059197776019573
1661,1,5.038198266890908
1662,1,4.084420780236891
1663,1,5.72914162047522
1664,1,6.021073566299651
1665,1,5.729401792969518
1666,1,7.856449818702066
1667,1,8.20988654997725
1668,1,4.070502090196872
1669,2,10.59961766935885
1670,2,7.063362901099026
1671,2,14.835744523443282
1672,1,3.53214197275185
1673,1,3.0284638771815926
1674,1,2.9262800989778235
1675,1,5.836819908194918
1676,1,3.8430345072474945
1677,1,3.467154653965848
1678,1,4.054910551946694
1679,1,3.843385016449592
1680,1,4.971458088027123
1681,2,13.75773043371737
1682,2,11.653777840547264
1683,2,0.5917676351964474
1684,2,17.557660983875394
1685,1,2.4406308659997196
1686,2,7.6302580907940865
1687,2,13.14470250159502
1688,2,14.698116793297231
1689,1,4.716773471257303
1690,1,4.35735846701945
1691,1,4.61741731945738
1692,1,8.590744028147073
1693,1,7.556969877193177
1694,1,4.0568776355348914
1695,1,6.819922208039301
1696,1,5.922242675869443
1697,1,8.833479263054878
1698,1,5.469025325098949
1699,1,4.357738264357759
1700,1,2.7556775373805404
1701,1,3.0277512374368327
1702,1,4.307958136351869
1703,1,5.799282624839612
1704,1,6.6351270608879735
1705,1,3.946666765649329
1706,1,2.7045075146200577
1707,1,3.1058615633086863
1708,1,3.636436614469505
1709,1,4.559384204140014
1710,1,4.847313213910117
1711,1,3.2692416126150587
1712,1,3.533123270240788
1713,1,6.299549233596237
1714,1,4.348121413063235
1715,1,4.054180112409614
1716,1,3.4036339401421922
1717,1,4.217640562344915
1718,2,16.96246687322855
1719,2,16.12087240908295
1720,2,11.971191763877869
1721,1,4.795430605932068
1722,1,3.7410248915803197
1723,1,6.885175295203617
1724,1,3.943281759460492
1725,1,2.9771398666722253
1726,1,4.937367809621888
1727,1,9.203732581142985
1728,1,2.129488791020805
1729,1,4.227880611022464
1730,1,4.985767334516527
1731,1,10.423469465290765
1732,1,4.175885331157795
1733,1,3.874481350388831
1734,1,4.466566773114772
1735,2,13.281621136702597
1736,1,5.447872473237155
1737,1,5.011248965140025
1738,1,5.541323761925332
1739,1,3.0491584948875796
1740,1,3.165870573114292
1741,1,5.953611561724242
1742,1,3.8444990915606203
1743,1,3.988853245275927
1744,1,3.732505930347321
1745,1,7.337642505279204
1746,1,5.200454884429835
1747,1,4.596228078638141
1748,1,3.3617591463125045
1749,1,2.0105470574268685
1750,1,4.0619419271986015
1751,2,14.261410171166062
1752,2,2.048689224757254
1753,2,13.705610050819814
1754,2,11.127091338858008
1755,2,2.355590993538499
1756,2,13.178202477283776
1757,2,0.6655792566016316
1758,2,10.06802560761571
1759,2,17.47203737962991
1760,2,16.105716810561717
1761,2,4.9035563645884395
1762,2,10.724929571151733
1763,2,16.611089040525258
1764,1,3.8067773546225334
1765,1,4.990129621761874
1766,1,7.726835787075082
1767,1,4.208924881508682
1768,2,2.5743556674569845
1769,2,10.294267116114497
1770,2,10.869278470054269
1771,2,9.502888792194426
1772,2,7.334621152840555
1773,2,18.54469102807343
1774,2,16.33366071153432
1775,1,9.924468511468183
1776,1,5.638395788164471
1777,1,4.469933852141289
1778,1,6.9581877689904
1779,2,16.573295379057527
1780,2,11.335442536510527
1781,2,2.1150583680719137
1782,2,2.3773474851623178
1783,2,10.744275548495352
1784,2,0.24870574474334717
1785,2,4.509871792979538
1786,2,14.246346238069236
1787,2,3.240912980400026
1788,2,17.044429164379835
1789,2,11.744665177538991
1790,2,12.974833738990128
1791,1,5.241857407571638
1792,1,5.895593833596243
1793,1,4.169653746690667
1794,1,2.5722779843850194
1795,1,5.062410539030113
1796,1,6.4290884278890355
1797,1,3.165083821774072
1798,1,6.107702699089245
1799,1,3.0167457956708543
1800,1,3.217420019378732
1801,1,4.928585069692699
1802,1,4.010114990028074
1803,1,4.324066458945363
1804,1,5.061822476913722
1805,1,7.4311921717554235
1806,1,4.742409772563722
1807,1,2.827381576495432
1808,1,4.00307018712438
1809,1,3.431729061448703
1810,1,4.432990954645052
1811,1,4.443056210663522
1812,1,3.1489349737484282
1813,2,12.964182426221669
1814,2,6.708916840143502
1815,2,17.94260075315833
1816,1,3.807323837074181
1817,1,4.569924731911418
1818,1,4.132599046478404
1819,1,3.13278780541107
1820,1,5.412126195443423
1821,1,4.543578052508876
1822,1,6.904360175617455
1823,2,19.041075170971453
1824,2,16.157278632745147
1825,2,6.279161903075874
1826,2,15.250766044482589
1827,2,17.561114244163036
1828,1,3.324322206662042
1829,1,4.5336221998391695
1830,2,11.198510671965778
1831,2,13.157117115333676
1832,2,17.11651676800102
1833,2,14.064073571935296
1834,1,4.5691593485414215
1835,1,3.6223658670276753
1836,1,3.7937076052420196
1837,1,1.9808834985892316
1838,2,15.49202096182853
1839,1,3.117227026641607
1840,1,5.936454033057784
1841,1,3.5896008389773866
1842,1,3.7652130282815484
1843,1,3.9824945329970425
1844,1,4.672103315508238
1845,1,6.321223391617473
1846,1,3.2404335344280635
1847,1,5.223173965424536
1848,1,3.6862114300645437
1849,1,6.818877086629543
1850,2,8.918901039287448
1851,1,4.3143970142698995
1852,1,4.796909359667674
1853,1,4.0501497066762
1854,1,4.293356087986689
1855,1,4.126850171652264
1856,1,5.516712764696851
1857,2,9.271942456252873
1858,1,7.967954160031866
1859,1,4.033562776994416
1860,1,2.74732529897995
1861,1,6.280015567243109
1862,1,4.503395288841466
1863,1,4.561382120851426
1864,1,4.600751812954477
1865,1,3.825999303004567
1866,1,5.751538331726963
1867,1,3.5848679282207563
1868,1,6.230384089460128
1869,1,8.879568653448578
1870,1,2.6685887713417826
1871,1,3.14409966622092
1872,1,2.9551932733226405
1873,1,6.904916273581865
1874,1,4.664465133517164
1875,1,4.275119987407239
1876,2,3.4431276051327586
1877,1,2.914063663364226
1878,1,3.3761235112962207
1879,1,6.461041559635264
1880,2,14.137940905056894
1881,1,3.5161051658889946
1882,1,7.55326780708942
1883,1,4.321418977198842
1884,1,2.0518985992768553
1885,1,3.7501750556017526
1886,1,3.576753591265063
1887,1,4.306889544697345
1888,2,8.8743408722803
1889,2,18.680075691081583
1890,1,2.865657184059813
1891,1,3.577449965411485
1892,1,6.678612485397973
1893,1,4.404040495593771
1894,1,4.95235272806866
1895,1,7.429278118828783
1896,1,5.095529199986107
1897,1,4.16555764126113
1898,1,5.461737858535428
1899,1,2.7519926336094667
1900,1,6.301344661552856
1901,1,5.256837492980154
1902,1,7.614769256291077
1903,1,3.3770879415309873
1904,1,6.925291950530769
1905,1,7.344337569299614
1906,2,10.734471729956567
1907,2,15.90884123928845
1908,2,10.824840730056167
1909,2,4.953199350275099
1910,2,11.851369072683156
1911,2,17.324790079146624
1912,2,3.416747497394681
1913,2,11.519872252829373
1914,2,2.95795910526067
1915,2,18.030021986924112
1916,2,12.49829528387636
1917,2,17.05124161671847
1918,2,14.68083593994379
1919,2,19.157830188050866
1920,2,4.439526339992881
1921,2,2.7741558430716395
1922,2,16.70631602872163
1923,2,14.779568458907306
1924,2,1.9115154258906841
1925,2,7.895834418013692
1926,2,14.819751782342792
1927,2,10.138673675246537
1928,2,9.152559055946767
1929,1,2.7617966351690715
1930,1,4.943063079864693
1931,1,3.474560555520385
1932,1,4.864508201624353
1933,1,4.5316667199867675
1934,1,5.1673479405354845
1935,1,4.173473408117863
1936,1,2.8269318720577084
1937,1,6.576935782725446
1938,1,3.5548981217615196
1939,1,3.018825835726517
1940,1,7.1732323599257635
1941,1,5.836156361207008
1942,1,3.4277406903226497
1943,2,18.51332795340568
1944,1,3.799499578807762
1945,2,15.09231174364686
1946,2,8.853894243948162
1947,2,9.025610033422709
1948,2,3.038930199109018
1949,2,16.405490492470562
1950,2,4.3967921286821365
1951,2,2.580618830397725
1952,2,16.565020941197872
1953,2,5.428074486553669
1954,2,1.2697809375822544
1955,2,0.7588543184101582
1956,2,8.549326183274388
1957,1,4.015170290740579
1958,1,3.3825335798616116
1959,2,8.93609213642776
1960,2,7.389538632705808
1961,2,17.70233779679984
1962,1,6.598329581437087
1963,1,7.0289969581167355
1964,1,8.944023390859424
1965,1,3.0240351947772326
1966,1,4.390011990043637
1967,1,3.7312150067489744
1968,2,12.223872584290802
1969,2,2.565672337077558
1970,2,7.673166850581765
1971,2,3.1278028059750795
1972,2,16.341024423018098
1973,2,4.260689881630242
1974,2,0.10121122468262911
1975,2,5.237663178704679
1976,1,3.088771954935431
1977,1,4.060518541290288
1978,1,4.928439956772183
1979,2,3.1730415439233184
1980,2,9.214003323577344
1981,1,4.223291764673302
1982,1,8.002684391609662
1983,1,4.143990126232693
1984,1,5.405258538959875
1985,1,1.9020762775975952
1986,1,4.790881482320685
1987,1,4.648111340953634
1988,1,5.621457799803788
1989,1,8.561230624295126
1990,1,4.938228190064291
1991,1,4.824572401121324
1992,1,6.408361991998525
1993,1,3.601985067349287
1994,1,3.898615378439457
1995,1,4.480557664693766
1996,1,7.118691724948146
1997,1,2.0351664564029925
1998,1,4.0532222145365076
1999,1,7.556494176605925
2000,1,5.197524911765759
2001,1,4.338507631765236
2002,1,5.096973709084116
2003,1,4.807782300775206
2004,1,5.732504579063095
2005,1,2.9028049049437588
2006,1,4.040691542595381
2007,1,6.446053485163604
2008,1,5.777008184701819
2009,1,6.366907704271905
2010,1,4.883384946436105
2011,1,3.439820851161399
2012,1,5.670887738507549
2013,1,4.105233058857533
2014,1,2.8707695780404046
2015,1,4.641999369314613
2016,2,9.619906158186495
2017,2,9.037378244102001
2018,2,1.0602899547666311
2019,1,3.0905910608510503
2020,1,4.460487958571548
2021,1,3.4714660617646227
2022,1,5.46025227038067
2023,1,4.92006800246964
2024,1,2.667793317808512
2025,1,6.935904546383481
2026,1,3.5288016086325587
2027,1,4.8806767638874575
2028,1,8.601390446717229
2029,1,2.058921063885036
2030,1,3.2354694483045225
2031,1,7.022567528879929
2032,1,4.780214673231867
2033,1,4.3158518466015945
2034,2,7.656086669303477
2035,2,1.7769007477909327
2036,2,19.157704901881516
2037,1,3.956205569546983
2038,1,3.4842661909310477
2039,1,6.271959269672505
2040,1,4.332094538663193
2041,1,8.04966648265948
2042,1,6.4429545717013506
2043,1,3.6009046203398194
2044,1,6.778466532468966
2045,1,6.840499838329817
2046,1,5.625804722430197
2047,1,3.5064646622249134
2048,1,3.4981261387876534
2049,2,3.9955199835821986
2050,2,0.8343378501012921
2051,2,6.042546411044896
2052,2,17.841658047400415
2053,2,14.76410967297852
2054,2,7.71677135489881
2055,2,5.95164047088474
2056,2,13.797416994348168
2057,1,3.491868398819753
2058,1,5.008346197843057
2059,1,3.704795102151018
2060,1,4.727907177353195
2061,1,3.926633840689141
2062,1,5.452546638302492
2063,1,2.9957736581295538
2064,1,2.134004954642672
2065,1,6.713719730407768
2066,1,3.647077678208348
2067,1,3.736299349656642
2068,2,5.303184678778052
2069,2,5.053300396539271
2070,2,2.095138863660395
2071,2,0.7487747957929969
2072,1,4.717325871831653
2073,1,3.4541904448512866
2074,1,2.1690521383537833
2075,1,4.593886064690685
2076,1,4.261486352252929
2077,1,6.193404499564523
2078,1,5.515711075393395
2079,1,4.024675628707893
2080,1,5.618440057277401
2081,1,8.20977874722345
2082,1,5.378830010714388
2083,1,5.504016635440567
2084,1,7.008963214803644
2085,1,4.378175232595168
2086,1,5.9080421469082705
2087,2,1.4192636404186487
2088,2,2.7073143422603607
2089,2,13.141489527188241
2090,2,2.6365925278514624
2091,2,19.320685360580683
2092,2,3.0038873199373484
2093,2,11.431608865968883
2094,1,3.2772905712302802
2095,1,5.292236618570695
2096,1,8.14164546411848
2097,1,3.8559856805464006
2098,1,3.4158668534045584
2099,2,0.6178453424945474
2100,2,2.8437209594994783
2101,2,0.39544817991554737
2102,2,16.347071202471852
2103,2,5.189327443949878
2104,1,2.943452673602228
2105,1,4.52344013223238
2106,1,5.288915928415404
2107,1,4.978595480470942
2108,1,4.692680834488609
2109,1,6.504494004661918
2110,1,3.52769836382063
2111,1,5.196231004667223
2112,1,3.8660518488674733
2113,1,5.544463102267053
2114,2,13.504435950890183
2115,2,10.954022025689483
2116,1,5.812422749087016
2117,1,3.7820255456079357
2118,1,4.583943494916025
2119,1,5.591225639974043
2120,1,2.628413301552249
2121,1,3.673754768651421
2122,1,3.557543427434662
2123,1,3.3474734525626615
2124,2,12.155035962350667
2125,2,4.921664013527334
2126,2,15.408622366376221
2127,2,2.527561681345105
2128,2,11.794400941580534
2129,1,3.3415651716579653
2130,2,17.035185298882425
2131,2,0.4964655125513673
2132,1,4.408993782077768
2133,1,5.453155559975913
2134,1,3.650376028137696
2135,1,2.5503913661585815
2136,2,4.190767304971814
2137,2,7.129766503348947
2138,2,9.861440798267722
2139,2,9.604973359964788
2140,2,9.932911754585803
2141,2,8.270446918904781
2142,2,2.2340981429442763
2143,2,10.947458939626813
2144,2,7.854664600454271
2145,2,11.503337346948683
2146,2,13.196032936684787
2147,2,13.773924922570586
2148,2,17.642352492548525
2149,2,3.4360287757590413
2150,2,1.7222731281071901
2151,2,15.539107033982873
2152,2,2.5287115620449185
2153,2,5.248398813419044
2154,1,2.082126005783922
2155,1,2.2322237568020205
2156,1,3.482529733386259
2157,1,3.7209573621752425
2158,1,4.645188719466115
2159,1,5.007944452897078
2160,1,3.8390115235122986
2161,1,7.589719566343599
2162,1,6.044023637808365
2163,1,3.9223637902540087
2164,1,4.1905290500377905
2165,2,0.536267226561904
2166,2,5.395779176615179
2167,2,8.765926789492369
2168,2,4.1762591898441315
2169,2,9.31053886655718
2170,1,2.804097581984683
2171,1,4.171391504064205
2172,1,2.8997511246929957
2173,1,3.7620188161045327
2174,1,7.223128877855365
2175,1,4.632506230608491
2176,1,3.3385891337278335
2177,1,3.781724546674439
2178,1,3.613204891507326
2179,1,4.7046219054880325
2180,2,13.052738402038813
2181,1,4.383703217877281
2182,1,4.319419719984425
2183,1,4.397959948015307
2184,1,3.1908715779721115
2185,1,2.8549627519348393
2186,1,4.662883236356581
2187,1,5.842657709642362
2188,1,4.217365567859825
2189,1,3.991075214935993
2190,1,4.808108630775379
2191,1,4.492045380479527
2192,1,5.46048918218732
2193,1,2.947165970647571
2194,1,4.239925165058844
2195,1,4.315262199320325
2196,1,5.584884554606808
2197,1,5.643598046619359
2198,1,7.3575923753121275
2199,1,7.165756106400558
2200,1,3.6763950772797798
2201,1,2.057901456666746
2202,1,4.895275627413725
2203,1,4.962881637251799
2204,1,10.836152855806002
2205,1,5.124690187784115
2206,1,4.094908088552236
2207,1,3.888761354746897
2208,1,2.6540633382927687
2209,1,4.613879399654775
2210,1,3.6601870082917847
2211,2,8.487694053910673
2212,2,11.381885907612741
2213,2,9.580112812109292
2214,2,19.403886441141367
2215,2,4.949906053952873
2216,1,5.770799419529351
2217,1,6.695415453315161
2218,2,1.1132505210116506
2219,2,17.515101698227227
2220,2,12.892503142356873
2221,2,5.366722703911364
2222,2,6.774152619764209
2223,2,17.705963784828782
2224,1,5.323152906919393
2225,1,3.4850280957910913
2226,1,5.4904960708862225
2227,1,7.008411565136896
2228,2,2.7324056066572666
2229,2,11.641669925302267
2230,2,4.971948629245162
2231,2,5.8083366975188255
2232,2,14.172942410223186
2233,1,7.778878897010077
2234,2,9.528857553377748
2235,1,5.817679921215625
2236,1,3.606559842089952
2237,1,3.256427235544466
2238,1,4.288411065505732
2239,1,8.91573868985308
2240,1,6.048667157062003
2241,1,3.74031860625794
2242,1,4.366715592895515
2243,1,5.096989720545591
2244,1,6.063447865228517
2245,1,4.031098895215636
2246,1,5.922368225490729
2247,1,5.313461644965437
2248,1,4.747990684864736
2249,1,3.1021157321138895
2250,1,3.545693989768895
2251,1,5.374526688115506
2252,1,4.8590763416215275
2253,1,6.201330090323382
2254,1,4.213868967766663
2255,1,4.284742244121777
2256,1,4.491493188471495
2257,1,3.468234243404567
2258,2,3.947331947274506
2259,2,12.164733004756272
2260,2,2.9996246472001076
2261,2,7.985281082801521
2262,2,5.631307233124971
2263,2,5.417897310107946
2264,1,3.6840581482471007
2265,1,7.193024647553241
2266,1,8.127398266270632
2267,1,6.638115823444231
2268,1,6.714658359805052
2269,1,8.579178214480837
2270,1,7.622070861423138
2271,1,4.32729636269996
2272,1,4.78831771727561
2273,1,2.741141540268554
2274,1,5.350488749497157
2275,1,4.737173512124676
2276,1,3.517439990239503
2277,1,4.168315254586191
2278,1,4.426658939564145
2279,1,5.593489360753832
2280,2,12.660639020614326
2281,1,7.2998865021370545
2282,1,2.621876667355116
2283,1,4.474478837524697
2284,1,2.6296964774941074
2285,1,5.146735059651812
2286,1,3.0829954425982224
2287,1,3.4601620005375184
2288,1,4.094026583689325
2289,2,13.39436000213027
2290,2,16.81807944085449
2291,2,16.638201121240854
2292,2,2.993572847917676
2293,1,3.9588711497003004
2294,1,3.8417839170967447
2295,1,3.171206879603872
2296,1,4.051779883221712
2297,1,6.259040917973739
2298,1,3.168584627368607
2299,1,8.804814073911967
2300,1,2.767195409217989
2301,1,8.212267576652602
2302,2,18.61284573096782
2303,2,6.701039248146117
2304,1,6.002150355645181
2305,1,3.333553260399305
2306,1,8.348093999735879
2307,1,4.640859247614657
2308,2,13.495494788512588
2309,2,6.583262057974935
2310,2,8.548904764465988
2311,2,10.858720606192946
2312,2,11.259735994972289
2313,2,0.14878763817250729
2314,2,11.208827635273337
2315,2,18.31279390025884
2316,2,2.240759991109371
2317,2,16.819817763753235
2318,1,7.6786936174472
2319,1,5.729079785820927
2320,2,8.943235757760704
2321,2,17.231657514348626
2322,2,19.221235178411007
2323,2,15.55570122320205
2324,1,4.6707692893237365
2325,1,4.108956945972876
2326,1,3.599717206441017
2327,2,4.884608355350792
2328,2,16.738833636045456
2329,2,4.77795307058841
2330,2,2.0055229496210814
2331,1,8.004279180487138
2332,2,17.87830159533769
2333,2,19.224718431942165
2334,2,18.018617392517626
2335,2,8.938297759741545
2336,2,19.285393306054175
2337,2,13.991057397797704
2338,2,14.479315145872533
2339,1,7.560724248709129
2340,1,3.3242925285943135
2341,1,7.624027733691168
2342,1,5.905891460870489
2343,1,3.805976122128183
2344,1,2.8608095184257705
2345,2,0.30878898221999407
2346,2,3.560738111846149
2347,2,17.138772839680314
2348,2,0.5034934030845761
2349,2,15.290244803763926
2350,2,3.812778266146779
2351,2,8.291890723630786
2352,2,13.386692479252815
2353,1,5.585593108193958
2354,1,2.827483481949576
2355,1,6.649149734360366
2356,1,4.238018493246229
2357,1,5.577721853806182
2358,1,5.457963257260854
2359,1,6.047491402201032
2360,1,9.364447389283178
2361,1,3.1477344481139635
2362,1,6.4552973069710555
2363,1,4.053944474467735
2364,1,4.369378412295519
2365,1,6.907302701419089
2366,1,5.580077112526837
2367,2,19.09646761137992
2368,2,11.212065764702857
2369,2,0.30085361562669277
2370,2,7.359387231990695
2371,2,18.95464808680117
2372,2,16.8906641099602
2373,2,3.4405003115534782
2374,1,4.2011612428550915
2375,1,7.816394377136263
2376,1,6.031009108265766
2377,1,2.8844105827688513
2378,1,3.162327533044273
2379,1,5.355335930047752
2380,1,4.426452097339149
2381,1,6.061089112456232
2382,1,3.518787706255769
2383,1,4.3987943935919445
2384,1,5.583556325440925
2385,2,4.3351782858371735
2386,2,8.334117196500301
2387,1,7.408175338320848
2388,1,9.134953038434542
2389,1,2.0493738106971526
2390,1,5.041929620419953
2391,2,4.893097281455994
2392,2,19.828586876392365
2393,2,0.7991382898762822
2394,2,7.900279606692493
2395,2,18.11822248622775
2396,2,14.40083579160273
2397,1,4.8604394526128285
2398,1,5.4301087850464596
2399,1,5.487053627826901
2400,1,5.0781781746818275
2401,1,2.530635739092093
2402,1,4.8195528642462575
2403,1,4.7662218193622445
2404,1,3.8171562586754066
2405,1,9.68455301439639
2406,1,3.083183658909567
2407,1,3.9570091998424024
2408,1,3.385070741494315
2409,1,5.063141063921465
2410,2,9.36219394672662
2411,1,4.011019445194779
2412,1,2.6178411670177626
2413,1,3.657700739626137
2414,1,5.7943729622415745
2415,2,17.87825766019523
2416,2,19.813783960416913
2417,2,4.560088347643614
2418,1,4.620308745568345
2419,1,3.859127114018753
2420,1,3.4898810117093437
2421,1,5.162039509555041
2422,1,3.7003522691767174
2423,1,4.751530777899789
2424,1,4.6634883259391255
2425,1,2.6402994320985864
2426,1,4.431872500429905
2427,1,4.409064701538541
2428,1,2.9410605678653163
2429,1,4.927747083549864
2430,1,4.0207356729253005
2431,1,2.617633251044424
2432,1,4.217774413450473
2433,1,7.682596037734376
2434,1,3.408416473497664
2435,1,7.001728729301289
2436,2,6.426047561690211
2437,1,5.7025510505327475
2438,1,3.869457247545557
2439,1,6.292131492047346
2440,1,2.642909572322598
2441,2,11.147531010210514
2442,2,0.33675297163426876
2443,2,17.59576627984643
2444,2,10.1299072150141
2445,2,13.52382905781269
2446,2,12.767500593326986
2447,2,14.044650187715888
2448,1,4.785688802348935
2449,1,3.750393339701158
2450,1,3.5669776124788717
2451,1,4.651839024166859
2452,1,3.841669063033948
2453,1,2.572189317985348
2454,1,3.1166114065122894
2455,1,5.215487651751142
2456,1,3.8761685750787445
2457,2,9.39390848390758
2458,2,1.420729965902865
2459,2,1.935866684652865
2460,1,1.7118669713823247
2461,1,4.093006411580606
2462,1,5.010113862257787
2463,1,5.259410914958808
2464,1,2.069364299757867
2465,1,2.5300682413987943
2466,1,4.262994320222084
2467,1,4.759586236682609
2468,1,5.9671973333735995
2469,1,5.49545236670025
2470,1,6.4019996268942805
2471,1,3.572507127842466
2472,1,4.069449005152072
2473,1,4.461881800765562
2474,1,5.219854063351763
2475,1,5.003641532514234
2476,1,4.4084286058808315
2477,1,4.883468020069006
2478,2,4.808539720252156
2479,2,12.823999430984259
2480,2,18.569864155724645
2481,2,1.0338412271812558
2482,2,6.462778123095632
2483,2,2.451881314627826
2484,2,12.219549198634923
2485,2,10.54330222774297
2486,2,9.699415052309632
2487,2,13.781988648697734
2488,1,2.276022620171134
2489,1,3.958650574643105
2490,1,4.462611640032564
2491,1,6.393031781284939
2492,1,5.2941110223305134
2493,1,3.7429701084520386
2494,1,3.711421080940375
2495,1,3.685028586970916
2496,1,5.765669999965751
2497,2,8.245105999521911
2498,1,3.6577488071781326
2499,1,4.761390219351719
2500,1,4.264469758180762
